INST CODE,INSTITUTE NAME,PLACE,DIST,COED,TYPE,YEAR OF ESTB,BRANCH,BRANCH NAME,OC BOYS,OC GIRLS,BC_A BOYS,BC_A GIRLS,BC_B BOYS,BC_B GIRLS,BC_C BOYS,BC_C GIRLS,BC_D BOYS,BC_D GIRLS,BC_E BOYS,BC_E GIRLS,SC_BOYS,SC_GIRLS,ST_BOYS,ST_GIRLS,TUITION FEE,AFFILIATED
BVRI,B V RAJU INSTITUTE OF TECHNOLOGY,NARSAPUR,MED,COED,PVT,1997,BME,BIO-MEDICAL ENGINEERING,35536,47645,72829,77856,64685,64685,35536,47645,84505,84505,35536,47645,71938,72769,54234,79397,120000,JNTUH
BVRI,B V RAJU INSTITUTE OF TECHNOLOGY,NARSAPUR,MED,COED,PVT,1997,CHE,CHEMICAL ENGINEERING,23743,25632,84281,84281,58492,67255,23743,79364,29003,31295,73041,73041,80605,80605,64503,81903,120000,JNTUH
BVRI,B V RAJU INSTITUTE OF TECHNOLOGY,NARSAPUR,MED,COED,PVT,1997,CIV,CIVIL ENGINEERING,23612,24973,84270,84270,40435,79220,43976,43976,43961,70211,50806,70528,66252,71358,44848,44848,120000,JNTUH
BVRI,B V RAJU INSTITUTE OF TECHNOLOGY,NARSAPUR,MED,COED,PVT,1997,CSB,COMPUTER SCIENCE AND BUSINESS SYSTEM,8249,8249,42629,63496,13086,13121,8249,8249,16187,16187,19648,19648,69672,79936,49224,49224,120000,JNTUH
BVRI,B V RAJU INSTITUTE OF TECHNOLOGY,NARSAPUR,MED,COED,PVT,1997,CSD,COMPUTER SCIENCE AND ENGINEERING (DATA SCIENCE),6524,6872,26007,26007,11040,12871,27897,27897,10387,13492,6524,29225,52690,52690,43724,72049,120000,JNTUH
BVRI,B V RAJU INSTITUTE OF TECHNOLOGY,NARSAPUR,MED,COED,PVT,1997,CSE,COMPUTER SCIENCE  AND  ENGINEERING,5996,6475,20077,20077,10380,10815,23460,32397,9819,12298,16637,18707,35113,35113,26153,31376,120000,JNTUH
BVRI,B V RAJU INSTITUTE OF TECHNOLOGY,NARSAPUR,MED,COED,PVT,1997,CSM,COMPUTER SCIENCE AND ENGINEERING ,5807,6195,24541,24541,10030,11360,5807,6195,9292,10929,16456,29028,52632,58609,56886,56886,120000,JNTUH
BVRI,B V RAJU INSTITUTE OF TECHNOLOGY,NARSAPUR,MED,COED,PVT,1997,ECE,ELECTRONICS AND COMMUNICATION ENGINEERING,9685,9828,40818,49248,17427,17777,34249,34249,16999,16999,37884,41654,54724,58723,34724,66166,120000,JNTUH
BVRI,B V RAJU INSTITUTE OF TECHNOLOGY,NARSAPUR,MED,COED,PVT,1997,EEE,ELECTRICAL AND ELECTRONICS ENGINEERING,15878,16263,49764,61114,30497,30641,15878,16263,29592,30823,24427,55092,60632,60969,39011,54779,120000,JNTUH
BVRI,B V RAJU INSTITUTE OF TECHNOLOGY,NARSAPUR,MED,COED,PVT,1997,INF,INFORMATION TECHNOLOGY,7983,8310,31388,31388,12631,14343,65381,65381,13389,13389,25271,25271,56920,56940,36507,52967,120000,JNTUH
BVRI,B V RAJU INSTITUTE OF TECHNOLOGY,NARSAPUR,MED,COED,PVT,1997,MEC,MECHANICAL ENGINEERING,23683,34286,70016,70016,56890,68397,32483,34286,40050,54313,48224,59541,66329,80364,44299,73758,120000,JNTUH
BVRI,B V RAJU INSTITUTE OF TECHNOLOGY,NARSAPUR,MED,COED,PVT,1997,PHE,PHARMACEUTICAL ENGINEERING,83835,84422,83835,84422,83835,84422,83835,84422,83835,84422,83835,84422,85134,85134,85635,85635,120000,JNTUH
CBIT,CHAITANYA BHARATHI INSTITUTE OF TECHNOLOGY,GANDIPET,RR,COED,PVT,1979,AID,ARTIFICIAL INTELLIGENCE AND DATA SCIENCE,1124,1161,1539,4714,1909,3484,1124,1161,1779,2014,2609,2609,12403,14485,14322,14322,134000,OU
CBIT,CHAITANYA BHARATHI INSTITUTE OF TECHNOLOGY,GANDIPET,RR,COED,PVT,1979,CHE,CHEMICAL ENGINEERING,12533,16735,50896,64310,27802,36577,12533,16735,25568,32176,36903,44636,50601,59981,25739,33606,134000,OU
CBIT,CHAITANYA BHARATHI INSTITUTE OF TECHNOLOGY,GANDIPET,RR,COED,PVT,1979,CIC,CSE (IoT AND CYBER SECURITY INCLUDING BLOCK CHAIN TECHNOLOGY),1378,1801,4911,4911,2216,2697,1378,1801,2420,3652,2391,6890,13902,20355,20028,20028,134000,OU
CBIT,CHAITANYA BHARATHI INSTITUTE OF TECHNOLOGY,GANDIPET,RR,COED,PVT,1979,CIV,CIVIL ENGINEERING,8447,8447,19549,23744,12793,20669,29657,29657,44324,44324,12186,14624,20049,24496,11390,15037,134000,OU
CBIT,CHAITANYA BHARATHI INSTITUTE OF TECHNOLOGY,GANDIPET,RR,COED,PVT,1979,CSE,COMPUTER SCIENCE  AND  ENGINEERING,843,1012,2924,4909,1679,1679,5466,5466,1449,1907,2029,4018,7395,8134,7318,8831,134000,OU
CBIT,CHAITANYA BHARATHI INSTITUTE OF TECHNOLOGY,GANDIPET,RR,COED,PVT,1979,CSM,COMPUTER SCIENCE AND ENGINEERING ,821,1117,1396,4524,1359,1899,821,1117,1510,1812,1042,4258,10908,11125,10792,10792,134000,OU
CBIT,CHAITANYA BHARATHI INSTITUTE OF TECHNOLOGY,GANDIPET,RR,COED,PVT,1979,ECE,ELECTRONICS AND COMMUNICATION ENGINEERING,1787,2299,8147,8147,3361,4248,10228,10228,3516,4954,3987,18474,12166,16683,9423,12534,134000,OU
CBIT,CHAITANYA BHARATHI INSTITUTE OF TECHNOLOGY,GANDIPET,RR,COED,PVT,1979,EEE,ELECTRICAL AND ELECTRONICS ENGINEERING,3113,4584,17556,17556,7236,7236,47542,47542,6809,6809,11254,18475,17473,17473,11638,12380,134000,OU
CBIT,CHAITANYA BHARATHI INSTITUTE OF TECHNOLOGY,GANDIPET,RR,COED,PVT,1979,INF,INFORMATION TECHNOLOGY,1844,1966,7493,7493,3117,3591,9579,15131,3376,4920,3718,8911,15189,15780,11684,14520,134000,OU
CBIT,CHAITANYA BHARATHI INSTITUTE OF TECHNOLOGY,GANDIPET,RR,COED,PVT,1979,MEC,MECHANICAL ENGINEERING,5112,8695,21447,67698,9777,17939,5112,8695,7613,40493,21708,30007,24234,40201,13452,36817,134000,OU
CVRH,CVR COLLEGE OF ENGINEERING,IBRAHIMPATAN,RR,COED,PVT,2001,CIV,CIVIL ENGINEERING,14763,14763,41966,41966,25878,30888,14763,14763,26316,36366,35070,38282,37861,55948,28934,28934,115000,JNTUH
CVRH,CVR COLLEGE OF ENGINEERING,IBRAHIMPATAN,RR,COED,PVT,2001,CSC,COMPUTER SCIENCE AND ENGINEERING (CYBER SECURITY),4525,5556,20654,28314,7276,9486,4525,5556,6248,8072,15051,20935,40265,40265,31548,34573,115000,JNTUH
CVRH,CVR COLLEGE OF ENGINEERING,IBRAHIMPATAN,RR,COED,PVT,2001,CSD,COMPUTER SCIENCE AND ENGINEERING (DATA SCIENCE),3885,5315,14469,18119,5836,7387,3885,13053,5700,6667,7367,7367,34448,53834,31035,68022,115000,JNTUH
CVRH,CVR COLLEGE OF ENGINEERING,IBRAHIMPATAN,RR,COED,PVT,2001,CSE,COMPUTER SCIENCE  AND  ENGINEERING,3248,3520,12266,19007,5534,6164,12077,12077,5137,7178,10386,10386,22932,23301,8471,28533,115000,JNTUH
CVRH,CVR COLLEGE OF ENGINEERING,IBRAHIMPATAN,RR,COED,PVT,2001,CSI,COMPUTER SCIENCE AND INFORMATION TECHNOLOGY ,5903,5942,15745,37036,9093,10602,19172,44375,8665,10520,21081,21081,61276,66581,35945,48938,115000,JNTUH
CVRH,CVR COLLEGE OF ENGINEERING,IBRAHIMPATAN,RR,COED,PVT,2001,CSM,COMPUTER SCIENCE AND ENGINEERING ,2883,3711,11126,12664,3664,6832,2883,3711,4554,5963,3615,11449,30931,35895,13660,63743,115000,JNTUH
CVRH,CVR COLLEGE OF ENGINEERING,IBRAHIMPATAN,RR,COED,PVT,2001,ECE,ELECTRONICS AND COMMUNICATION ENGINEERING,7294,7581,26419,48957,11317,11710,65331,65331,12566,14796,28412,37926,40204,47970,23423,46453,115000,JNTUH
CVRH,CVR COLLEGE OF ENGINEERING,IBRAHIMPATAN,RR,COED,PVT,2001,EEE,ELECTRICAL AND ELECTRONICS ENGINEERING,9872,9872,46304,46619,19221,23273,9872,9872,17880,27500,35486,38105,43612,52071,24509,26810,115000,JNTUH
CVRH,CVR COLLEGE OF ENGINEERING,IBRAHIMPATAN,RR,COED,PVT,2001,EIE,ELECTRONICS AND INSTRUMENTATION ENGINEERING,20188,20437,80815,80815,36232,36232,20188,20437,30493,41353,39848,39848,80651,80651,61552,64245,115000,JNTUH
CVRH,CVR COLLEGE OF ENGINEERING,IBRAHIMPATAN,RR,COED,PVT,2001,INF,INFORMATION TECHNOLOGY,5280,5789,21835,30381,9030,9030,23086,39711,9264,9264,15628,40832,39488,39488,25047,34791,115000,JNTUH
CVRH,CVR COLLEGE OF ENGINEERING,IBRAHIMPATAN,RR,COED,PVT,2001,MEC,MECHANICAL ENGINEERING,11999,30571,70731,70731,29089,67109,28589,30571,32780,35794,67936,68692,64292,75722,27711,30571,115000,JNTUH
CVSR,ANURAG UNIVERSITY (FORMERLY ANURAG GRP OF INSTNS- CVSR COLL OF ENGG),GHATKESAR,MDL,COED,PVT,2002,AI,ARTIFICIAL INTELLIGENCE,7932,8446,29936,40241,14334,15419,7932,8446,14639,15516,36069,62396,38599,57638,29402,44256,125000,ANURAG UNIVERSITY
CVSR,ANURAG UNIVERSITY (FORMERLY ANURAG GRP OF INSTNS- CVSR COLL OF ENGG),GHATKESAR,MDL,COED,PVT,2002,CHE,CHEMICAL ENGINEERING,41985,41985,58785,73427,80938,80938,41985,41985,48564,53658,47431,53921,73375,73375,74903,74903,125000,ANURAG UNIVERSITY
CVSR,ANURAG UNIVERSITY (FORMERLY ANURAG GRP OF INSTNS- CVSR COLL OF ENGG),GHATKESAR,MDL,COED,PVT,2002,CIV,CIVIL ENGINEERING,26406,26406,60710,83370,72332,81956,54770,54770,63653,79145,44631,78363,75272,80348,47202,70935,125000,ANURAG UNIVERSITY
CVSR,ANURAG UNIVERSITY (FORMERLY ANURAG GRP OF INSTNS- CVSR COLL OF ENGG),GHATKESAR,MDL,COED,PVT,2002,CSE,COMPUTER SCIENCE  AND  ENGINEERING,7008,7032,29804,36733,13719,13719,25340,27589,13784,13784,25492,25492,41992,41992,25957,36133,125000,ANURAG UNIVERSITY
CVSR,ANURAG UNIVERSITY (FORMERLY ANURAG GRP OF INSTNS- CVSR COLL OF ENGG),GHATKESAR,MDL,COED,PVT,2002,ECE,ELECTRONICS AND COMMUNICATION ENGINEERING,12713,12713,43635,56497,19340,19833,58504,58504,18647,22936,50580,64876,62316,71390,36266,63548,125000,ANURAG UNIVERSITY
CVSR,ANURAG UNIVERSITY (FORMERLY ANURAG GRP OF INSTNS- CVSR COLL OF ENGG),GHATKESAR,MDL,COED,PVT,2002,EEE,ELECTRICAL AND ELECTRONICS ENGINEERING,17990,17990,64683,64683,42312,54651,17990,39787,39626,44434,42704,59080,70920,70920,36602,58950,125000,ANURAG UNIVERSITY
CVSR,ANURAG UNIVERSITY (FORMERLY ANURAG GRP OF INSTNS- CVSR COLL OF ENGG),GHATKESAR,MDL,COED,PVT,2002,INF,INFORMATION TECHNOLOGY,10597,10600,38540,52104,15400,17051,61925,61925,16914,17774,33317,65536,62815,62815,39827,64026,125000,ANURAG UNIVERSITY
CVSR,ANURAG UNIVERSITY (FORMERLY ANURAG GRP OF INSTNS- CVSR COLL OF ENGG),GHATKESAR,MDL,COED,PVT,2002,MEC,MECHANICAL ENGINEERING,42367,73205,84956,84956,82166,82166,48178,73205,69717,73205,78788,78788,85028,85028,52369,81942,125000,ANURAG UNIVERSITY
GRRR,GOKARAJU RANGARAJU INSTITUTE OF ENGG AND TECH,MIYAPUR,MDL,COED,PVT,1997,CIV,CIVIL ENGINEERING,14645,14645,47022,47022,28459,28459,14645,14645,23644,34856,14645,14645,41589,61208,24685,43084,122000,JNTUH
GRRR,GOKARAJU RANGARAJU INSTITUTE OF ENGG AND TECH,MIYAPUR,MDL,COED,PVT,1997,CSB,COMPUTER SCIENCE AND BUSINESS SYSTEM,5220,5220,26216,26216,8023,11425,50111,50111,8005,11830,22819,74926,35476,47327,27718,28366,122000,JNTUH
GRRR,GOKARAJU RANGARAJU INSTITUTE OF ENGG AND TECH,MIYAPUR,MDL,COED,PVT,1997,CSD,COMPUTER SCIENCE AND ENGINEERING (DATA SCIENCE),4051,4243,11448,12042,6040,8657,4051,4243,6440,6440,13979,13979,31898,31898,30304,30304,122000,JNTUH
GRRR,GOKARAJU RANGARAJU INSTITUTE OF ENGG AND TECH,MIYAPUR,MDL,COED,PVT,1997,CSE,COMPUTER SCIENCE  AND  ENGINEERING,3554,3806,10911,10911,6556,6896,15468,28816,6205,7610,10800,13373,21681,22435,14347,26790,122000,JNTUH
GRRR,GOKARAJU RANGARAJU INSTITUTE OF ENGG AND TECH,MIYAPUR,MDL,COED,PVT,1997,CSM,COMPUTER SCIENCE AND ENGINEERING ,3609,3992,12666,12681,5033,7491,3609,3992,5596,6668,9620,9620,19930,26558,16709,73928,122000,JNTUH
GRRR,GOKARAJU RANGARAJU INSTITUTE OF ENGG AND TECH,MIYAPUR,MDL,COED,PVT,1997,ECE,ELECTRONICS AND COMMUNICATION ENGINEERING,7298,7522,27285,27328,11851,12241,7298,47242,9748,13255,21827,36011,34719,39669,25163,29119,122000,JNTUH
GRRR,GOKARAJU RANGARAJU INSTITUTE OF ENGG AND TECH,MIYAPUR,MDL,COED,PVT,1997,EEE,ELECTRICAL AND ELECTRONICS ENGINEERING,86187,86187,86187,86187,86187,86187,86187,86187,86187,86187,86187,86187,86187,86187,86187,86187,122000,JNTUH
GRRR,GOKARAJU RANGARAJU INSTITUTE OF ENGG AND TECH,MIYAPUR,MDL,COED,PVT,1997,INF,INFORMATION TECHNOLOGY,6151,6176,17311,23616,8299,10056,16470,53917,9071,10772,22037,22037,38126,45034,25932,42527,122000,JNTUH
GRRR,GOKARAJU RANGARAJU INSTITUTE OF ENGG AND TECH,MIYAPUR,MDL,COED,PVT,1997,MEC,MECHANICAL ENGINEERING,10820,14289,46764,53082,29415,38477,10820,20748,23248,61264,46022,55526,55096,71310,27792,60193,122000,JNTUH
JNTH,JNTU COLLEGE OF ENGG  HYDERABAD,HYDERABAD,MDL,COED,UNIV,1965,CHE,CHEMICAL ENGINEERING,9055,9949,23397,23397,12972,12972,9055,46450,14275,15672,41493,41493,24054,28831,11993,23188,18000,JNTUH
JNTH,JNTU COLLEGE OF ENGG  HYDERABAD,HYDERABAD,MDL,COED,UNIV,1965,CIV,CIVIL ENGINEERING,4075,4369,7338,10012,5051,9608,12119,12119,6361,7686,8103,10190,10341,10341,9282,9282,18000,JNTUH
JNTH,JNTU COLLEGE OF ENGG  HYDERABAD,HYDERABAD,MDL,COED,UNIV,1965,CSE,COMPUTER SCIENCE  AND  ENGINEERING,429,445,895,2414,488,718,429,445,662,678,1073,2337,3703,3703,1318,4728,18000,JNTUH
JNTH,JNTU COLLEGE OF ENGG  HYDERABAD,HYDERABAD,MDL,COED,UNIV,1965,ECE,ELECTRONICS AND COMMUNICATION ENGINEERING,770,781,1990,3887,980,1160,770,781,1270,1484,1252,3586,4571,6727,5427,8938,18000,JNTUH
JNTH,JNTU COLLEGE OF ENGG  HYDERABAD,HYDERABAD,MDL,COED,UNIV,1965,EEE,ELECTRICAL AND ELECTRONICS ENGINEERING,1546,2133,2816,4106,2072,3750,1546,2133,2906,2906,3859,6442,7181,7595,4777,4777,18000,JNTUH
JNTH,JNTU COLLEGE OF ENGG  HYDERABAD,HYDERABAD,MDL,COED,UNIV,1965,MEC,MECHANICAL ENGINEERING,2364,3085,7336,7336,3905,9493,2364,11544,4850,5306,7690,7690,10160,12758,6201,8916,18000,JNTUH
JNTH,JNTU COLLEGE OF ENGG  HYDERABAD,HYDERABAD,MDL,COED,UNIV,1965,MET,METALLURGICAL ENGINEERING,13702,15322,26114,26114,15609,18914,13702,15322,21989,21989,42825,42825,31334,31997,22551,27981,18000,JNTUH
MGIT,MAHATMA GANDHI INSTITUTE OF TECHNOLOGY,GANDIPET,RR,COED,PVT,1997,CIV,CIVIL ENGINEERING,16434,16434,28444,42115,25566,28234,24818,24818,21776,21776,41250,41250,46416,57102,28731,57272,108000,JNTUH
MGIT,MAHATMA GANDHI INSTITUTE OF TECHNOLOGY,GANDIPET,RR,COED,PVT,1997,CSB,COMPUTER SCIENCE AND BUSINESS SYSTEM,7163,7245,33149,33149,11620,14186,7163,7245,12791,13055,35913,35913,55860,66800,34424,34424,108000,JNTUH
MGIT,MAHATMA GANDHI INSTITUTE OF TECHNOLOGY,GANDIPET,RR,COED,PVT,1997,CSD,COMPUTER SCIENCE AND ENGINEERING (DATA SCIENCE),4941,6027,18582,18582,8879,8879,9634,9634,9108,9597,14372,15197,45971,56139,16115,49130,108000,JNTUH
MGIT,MAHATMA GANDHI INSTITUTE OF TECHNOLOGY,GANDIPET,RR,COED,PVT,1997,CSE,COMPUTER SCIENCE  AND  ENGINEERING,4274,5667,14833,14833,8393,10283,4274,36219,7763,9173,13245,13245,26075,26075,18787,23067,108000,JNTUH
MGIT,MAHATMA GANDHI INSTITUTE OF TECHNOLOGY,GANDIPET,RR,COED,PVT,1997,CSM,COMPUTER SCIENCE AND ENGINEERING ,4857,5624,12924,33910,7996,8195,4857,5624,6905,11817,9698,22123,33009,44054,30875,30875,108000,JNTUH
MGIT,MAHATMA GANDHI INSTITUTE OF TECHNOLOGY,GANDIPET,RR,COED,PVT,1997,ECE,ELECTRONICS AND COMMUNICATION ENGINEERING,8181,8181,27264,30604,14092,16066,47518,47518,14070,16911,22652,35315,43453,52590,25536,37479,108000,JNTUH
MGIT,MAHATMA GANDHI INSTITUTE OF TECHNOLOGY,GANDIPET,RR,COED,PVT,1997,EEE,ELECTRICAL AND ELECTRONICS ENGINEERING,10763,14439,47818,47818,20255,20255,10763,14439,23486,43235,39369,39369,47770,54641,27565,53126,108000,JNTUH
MGIT,MAHATMA GANDHI INSTITUTE OF TECHNOLOGY,GANDIPET,RR,COED,PVT,1997,INF,INFORMATION TECHNOLOGY,6219,7126,20897,25996,10389,11959,6219,7126,11445,12603,20039,30302,32158,43551,23167,32330,108000,JNTUH
MGIT,MAHATMA GANDHI INSTITUTE OF TECHNOLOGY,GANDIPET,RR,COED,PVT,1997,MCT,MECHANICAL (MECHTRONICS) ENGINEERING,19461,41357,56652,73607,45056,83828,19461,41357,23358,42139,59158,59158,76479,78421,49921,55765,108000,JNTUH
MGIT,MAHATMA GANDHI INSTITUTE OF TECHNOLOGY,GANDIPET,RR,COED,PVT,1997,MEC,MECHANICAL ENGINEERING,13966,20066,58493,58493,41676,44880,13966,31657,28047,73981,39336,39336,67133,67133,26832,45795,108000,JNTUH
MGIT,MAHATMA GANDHI INSTITUTE OF TECHNOLOGY,GANDIPET,RR,COED,PVT,1997,MMT,METALLURGY AND MATERIAL ENGINEERING,54531,60028,64916,64916,76288,85058,77296,77296,70530,70530,76370,76370,80940,80940,80229,84102,108000,JNTUH
MLRD,MALLA REDDY COLLEGE OF ENGG  TECHNOLOGY (AUTONOMOUS),MYSAMMAGUDA,MDL,COED,PVT,2004,ANE,AERONAUTICAL ENGINEERING,35766,39390,58362,81179,77184,77184,35766,40652,59451,59451,52844,52844,67902,67902,61627,65409,100000,JNTUH
MLRD,MALLA REDDY COLLEGE OF ENGG  TECHNOLOGY (AUTONOMOUS),MYSAMMAGUDA,MDL,COED,PVT,2004,CSC,COMPUTER SCIENCE AND ENGINEERING (CYBER SECURITY),21216,25989,68822,68822,31651,42986,37442,37442,36508,37469,21216,76592,82135,82135,66692,66692,100000,JNTUH
MLRD,MALLA REDDY COLLEGE OF ENGG  TECHNOLOGY (AUTONOMOUS),MYSAMMAGUDA,MDL,COED,PVT,2004,CSD,COMPUTER SCIENCE AND ENGINEERING (DATA SCIENCE),20735,24013,45556,80743,28270,37542,37050,37050,32545,32545,33077,33077,74672,74672,38959,38959,100000,JNTUH
MLRD,MALLA REDDY COLLEGE OF ENGG  TECHNOLOGY (AUTONOMOUS),MYSAMMAGUDA,MDL,COED,PVT,2004,CSE,COMPUTER SCIENCE  AND  ENGINEERING,13877,13877,39714,51808,21579,26678,74805,74805,19777,20450,43363,48518,59606,59606,39308,56310,100000,JNTUH
MLRD,MALLA REDDY COLLEGE OF ENGG  TECHNOLOGY (AUTONOMOUS),MYSAMMAGUDA,MDL,COED,PVT,2004,CSM,COMPUTER SCIENCE AND ENGINEERING ,17019,20859,55435,58044,20984,25400,17019,29419,26749,34117,57962,57962,78795,78795,69880,69880,100000,JNTUH
MLRD,MALLA REDDY COLLEGE OF ENGG  TECHNOLOGY (AUTONOMOUS),MYSAMMAGUDA,MDL,COED,PVT,2004,CSO,COMPUTER SCIENCE AND ENGINEERING (IOT),25545,31447,47171,62930,43479,51768,25545,31447,29684,39900,46120,65562,63728,70608,25545,61722,100000,JNTUH
MLRD,MALLA REDDY COLLEGE OF ENGG  TECHNOLOGY (AUTONOMOUS),MYSAMMAGUDA,MDL,COED,PVT,2004,ECE,ELECTRONICS AND COMMUNICATION ENGINEERING,22049,22285,56878,73532,33312,40536,36033,36033,35155,37201,81611,81611,75193,79889,48120,78639,100000,JNTUH
MLRD,MALLA REDDY COLLEGE OF ENGG  TECHNOLOGY (AUTONOMOUS),MYSAMMAGUDA,MDL,COED,PVT,2004,EEE,ELECTRICAL AND ELECTRONICS ENGINEERING,18422,18422,43998,61648,38986,54947,18422,18422,38154,46856,65144,65144,85572,85843,46989,46989,100000,JNTUH
MLRD,MALLA REDDY COLLEGE OF ENGG  TECHNOLOGY (AUTONOMOUS),MYSAMMAGUDA,MDL,COED,PVT,2004,INF,INFORMATION TECHNOLOGY,20581,20875,61554,61554,27708,37228,20581,34640,30506,33413,52614,52614,76181,83838,57493,75673,100000,JNTUH
MLRD,MALLA REDDY COLLEGE OF ENGG  TECHNOLOGY (AUTONOMOUS),MYSAMMAGUDA,MDL,COED,PVT,2004,MEC,MECHANICAL ENGINEERING,29489,52701,65642,73960,77657,77657,70901,70901,72955,72955,69515,76486,80660,85301,66666,67237,100000,JNTUH
MVSR,M V S R ENGINEERING COLLEGE,NADERGUL,RR,COED,PVT,1981,AUT,AUTOMOBILE ENGINEERING,40531,62692,62096,62814,84788,84823,40531,62692,51588,62692,74927,74927,79277,79277,49834,62692,125000,OU
MVSR,M V S R ENGINEERING COLLEGE,NADERGUL,RR,COED,PVT,1981,CIV,CIVIL ENGINEERING,20744,22825,76788,76788,40270,45585,41062,41062,39736,64753,74571,76579,60414,77493,35252,48418,125000,OU
MVSR,M V S R ENGINEERING COLLEGE,NADERGUL,RR,COED,PVT,1981,CSE,COMPUTER SCIENCE  AND  ENGINEERING,3833,5308,14238,22649,6983,10872,17403,21748,7736,8593,15829,17240,25788,31715,18460,31486,125000,OU
MVSR,M V S R ENGINEERING COLLEGE,NADERGUL,RR,COED,PVT,1981,ECE,ELECTRONICS AND COMMUNICATION ENGINEERING,8253,8291,32190,38036,13894,17696,44051,44051,14587,16204,30542,36443,47119,51071,28379,47195,125000,OU
MVSR,M V S R ENGINEERING COLLEGE,NADERGUL,RR,COED,PVT,1981,EEE,ELECTRICAL AND ELECTRONICS ENGINEERING,12993,15071,51196,53566,28570,35516,12993,50869,23556,50008,66992,67336,53509,84741,26904,41155,125000,OU
MVSR,M V S R ENGINEERING COLLEGE,NADERGUL,RR,COED,PVT,1981,INF,INFORMATION TECHNOLOGY,7305,7565,26703,26851,12474,12934,30407,30407,13213,13764,21559,31011,51338,54390,31338,48488,125000,OU
MVSR,M V S R ENGINEERING COLLEGE,NADERGUL,RR,COED,PVT,1981,MEC,MECHANICAL ENGINEERING,19318,35306,58645,58645,48833,62313,45587,45587,45062,45062,50914,58921,66641,66641,34083,74884,125000,OU
OUCE,O U COLLEGE OF ENGG  HYDERABAD,HYDERABAD,HYD,COED,UNIV,1925,BME,BIO-MEDICAL ENGINEERING,13545,13545,23582,23582,16344,16344,13545,13545,19128,19128,16814,16814,32257,32257,29795,34175,18000,OU
OUCE,O U COLLEGE OF ENGG  HYDERABAD,HYDERABAD,HYD,COED,UNIV,1925,CIV,CIVIL ENGINEERING,4264,4550,8029,11180,6350,6732,4264,4550,6930,6930,11112,11112,10982,11061,9074,9866,18000,OU
OUCE,O U COLLEGE OF ENGG  HYDERABAD,HYDERABAD,HYD,COED,UNIV,1925,CSE,COMPUTER SCIENCE  AND  ENGINEERING,508,674,4661,4661,801,1172,508,2372,1156,1156,583,3472,4328,5785,1874,5036,18000,OU
OUCE,O U COLLEGE OF ENGG  HYDERABAD,HYDERABAD,HYD,COED,UNIV,1925,ECE,ELECTRONICS AND COMMUNICATION ENGINEERING,960,960,2033,4251,1475,1475,4961,4961,1323,1550,2076,2076,5479,7392,6841,9680,18000,OU
OUCE,O U COLLEGE OF ENGG  HYDERABAD,HYDERABAD,HYD,COED,UNIV,1925,EEE,ELECTRICAL AND ELECTRONICS ENGINEERING,1984,2008,4755,4755,3114,4043,1984,2008,14662,14662,4922,6369,8364,8703,4725,9583,18000,OU
OUCE,O U COLLEGE OF ENGG  HYDERABAD,HYDERABAD,HYD,COED,UNIV,1925,MEC,MECHANICAL ENGINEERING,2794,4007,8389,16408,4944,7608,4905,4905,5395,6838,4202,9892,10514,13474,7808,12096,18000,OU
SNIS,SRINIDHI INSTITUTE OF SCI AND TECHNOLOGY,GHATKESAR,MDL,COED,PVT,1997,CIV,CIVIL ENGINEERING,14929,14929,71230,71230,31321,31321,26122,26122,25795,49256,45303,45303,49652,64275,26723,44115,130000,JNTUH
SNIS,SRINIDHI INSTITUTE OF SCI AND TECHNOLOGY,GHATKESAR,MDL,COED,PVT,1997,CSE,COMPUTER SCIENCE  AND  ENGINEERING,3340,3923,12682,17500,6488,8630,20014,20014,6052,8200,10393,13467,20688,24353,14838,19053,130000,JNTUH
SNIS,SRINIDHI INSTITUTE OF SCI AND TECHNOLOGY,GHATKESAR,MDL,COED,PVT,1997,ECE,ELECTRONICS AND COMMUNICATION ENGINEERING,7560,7895,29708,37397,13805,15767,39673,39673,14031,15999,28890,38687,43391,47170,26491,36163,130000,JNTUH
SNIS,SRINIDHI INSTITUTE OF SCI AND TECHNOLOGY,GHATKESAR,MDL,COED,PVT,1997,ECM,ELECTRONICS AND COMPUTER ENGINEERING,15338,15357,71762,71762,24832,24832,15338,23718,22294,23383,63322,63322,81215,81215,53152,63423,130000,JNTUH
SNIS,SRINIDHI INSTITUTE OF SCI AND TECHNOLOGY,GHATKESAR,MDL,COED,PVT,1997,EEE,ELECTRICAL AND ELECTRONICS ENGINEERING,12168,12783,47687,54173,26856,35622,60902,60902,22431,23874,27646,42753,54018,65769,30683,32881,130000,JNTUH
SNIS,SRINIDHI INSTITUTE OF SCI AND TECHNOLOGY,GHATKESAR,MDL,COED,PVT,1997,INF,INFORMATION TECHNOLOGY,6051,6396,24155,30807,12118,12118,24287,40477,10338,12047,26608,29077,42097,48475,27560,39428,130000,JNTUH
SNIS,SRINIDHI INSTITUTE OF SCI AND TECHNOLOGY,GHATKESAR,MDL,COED,PVT,1997,MEC,MECHANICAL ENGINEERING,19535,31416,80841,83632,49044,71325,58884,58884,35197,64391,68051,79469,67950,78334,34231,78649,130000,JNTUH
VASV,VASAVI COLLEGE OF ENGINEERING,HYDERABAD,HYD,COED,PVT,1981,CIV,CIVIL ENGINEERING,9098,9321,18928,18928,18078,26956,9098,9321,17499,17499,9098,45518,26198,27709,17930,17930,130000,OU
VASV,VASAVI COLLEGE OF ENGINEERING,HYDERABAD,HYD,COED,PVT,1981,CSE,COMPUTER SCIENCE  AND  ENGINEERING,1095,1454,3355,4962,2106,2106,7449,7449,1658,2148,2922,4261,11459,11630,8926,12738,130000,OU
VASV,VASAVI COLLEGE OF ENGINEERING,HYDERABAD,HYD,COED,PVT,1981,CSM,COMPUTER SCIENCE AND ENGINEERING (ARTIFICIAL INTELLIGENCE AND MACHINE LEARNING),1400,1551,5163,5756,2355,2869,1400,1551,2670,2899,3899,3899,12304,18317,16305,35689,130000,OU
VASV,VASAVI COLLEGE OF ENGINEERING,HYDERABAD,HYD,COED,PVT,1981,ECE,ELECTRONICS AND COMMUNICATION ENGINEERING,2559,3299,9498,17497,5352,5964,14547,14547,4681,7541,7074,11160,17700,23816,15102,15422,130000,OU
VASV,VASAVI COLLEGE OF ENGINEERING,HYDERABAD,HYD,COED,PVT,1981,EEE,ELECTRICAL AND ELECTRONICS ENGINEERING,5003,5003,23000,24460,8282,9542,5003,5003,9383,10388,5003,5003,24917,25255,11767,18253,130000,OU
VASV,VASAVI COLLEGE OF ENGINEERING,HYDERABAD,HYD,COED,PVT,1981,INF,INFORMATION TECHNOLOGY,2755,2755,10404,14270,3977,5155,11310,11310,4011,5793,4528,11607,21052,22899,19379,22518,130000,OU
VASV,VASAVI COLLEGE OF ENGINEERING,HYDERABAD,HYD,COED,PVT,1981,MEC,MECHANICAL ENGINEERING,7946,14536,35619,73213,23285,30215,25265,25265,19406,34197,28597,28597,41979,55300,22162,37519,130000,OU
VJEC,V N R VIGNAN JYOTHI INSTITUTE OF ENGG AND TECH,BACHUPALLY,MDL,COED,PVT,1995,AUT,AUTOMOBILE ENGINEERING,21369,28492,53040,53040,45867,45867,82150,82150,27260,67970,70745,70745,71673,80730,41278,60078,131000,JNTUH
VJEC,V N R VIGNAN JYOTHI INSTITUTE OF ENGG AND TECH,BACHUPALLY,MDL,COED,PVT,1995,CIV,CIVIL ENGINEERING,11414,11414,33637,35950,24939,27354,11414,35452,17479,30433,38449,38449,32642,46936,23305,27078,131000,JNTUH
VJEC,V N R VIGNAN JYOTHI INSTITUTE OF ENGG AND TECH,BACHUPALLY,MDL,COED,PVT,1995,CSB,COMPUTER SCIENCE AND BUSINESS SYSTEM,3067,3151,10038,10038,4262,4412,3067,3151,5555,5650,3067,38772,30345,35056,3067,61219,131000,JNTUH
VJEC,V N R VIGNAN JYOTHI INSTITUTE OF ENGG AND TECH,BACHUPALLY,MDL,COED,PVT,1995,CSC,COMPUTER SCIENCE AND ENGINEERING (CYBER SECURITY),2143,2591,7851,7851,3425,4329,10969,10969,4270,4595,5022,5022,18218,31826,20970,34240,131000,JNTUH
VJEC,V N R VIGNAN JYOTHI INSTITUTE OF ENGG AND TECH,BACHUPALLY,MDL,COED,PVT,1995,CSD,COMPUTER SCIENCE AND ENGINEERING (DATA SCIENCE),1768,2241,6959,6959,3076,3076,1768,2241,3730,4355,4752,7310,16361,26235,24449,24449,131000,JNTUH
VJEC,V N R VIGNAN JYOTHI INSTITUTE OF ENGG AND TECH,BACHUPALLY,MDL,COED,PVT,1995,CSE,COMPUTER SCIENCE  AND  ENGINEERING,1527,1767,4723,5782,2732,3128,7171,7171,2501,3203,4930,5290,14352,15151,9529,14805,131000,JNTUH
VJEC,V N R VIGNAN JYOTHI INSTITUTE OF ENGG AND TECH,BACHUPALLY,MDL,COED,PVT,1995,CSM,COMPUTER SCIENCE AND ENGINEERING (ARTIFICIAL INTELLIGENCE AND MACHINE LEARNING),1559,1592,5898,7606,2751,3884,1559,1592,3270,3270,4293,7638,15216,19388,17100,17100,131000,JNTUH
VJEC,V N R VIGNAN JYOTHI INSTITUTE OF ENGG AND TECH,BACHUPALLY,MDL,COED,PVT,1995,CSO,COMPUTER SCIENCE AND ENGINEERING (IOT),2326,2676,9024,11580,3465,4247,2326,18083,4573,6635,8343,8343,20069,33287,25502,25502,131000,JNTUH
VJEC,V N R VIGNAN JYOTHI INSTITUTE OF ENGG AND TECH,BACHUPALLY,MDL,COED,PVT,1995,ECE,ELECTRONICS AND COMMUNICATION ENGINEERING,3413,3700,12530,16028,6088,6088,3413,3700,5593,7272,11735,16167,19725,21534,17322,22586,131000,JNTUH
VJEC,V N R VIGNAN JYOTHI INSTITUTE OF ENGG AND TECH,BACHUPALLY,MDL,COED,PVT,1995,EEE,ELECTRICAL AND ELECTRONICS ENGINEERING,5077,7014,35801,35801,12116,16379,58709,58709,9499,15820,21693,21693,27757,33115,18866,22274,131000,JNTUH
VJEC,V N R VIGNAN JYOTHI INSTITUTE OF ENGG AND TECH,BACHUPALLY,MDL,COED,PVT,1995,EIE,ELECTRONICS AND INSTRUMENTATION ENGINEERING,14515,14593,57396,74395,25315,26492,14515,42177,26025,26025,78155,78155,76522,76522,55165,77331,131000,JNTUH
VJEC,V N R VIGNAN JYOTHI INSTITUTE OF ENGG AND TECH,BACHUPALLY,MDL,COED,PVT,1995,INF,INFORMATION TECHNOLOGY,3354,3419,11669,13125,4773,5619,12574,12574,4838,5945,11786,14511,25338,25338,19592,27875,131000,JNTUH
VJEC,V N R VIGNAN JYOTHI INSTITUTE OF ENGG AND TECH,BACHUPALLY,MDL,COED,PVT,1995,MEC,MECHANICAL ENGINEERING,8982,11613,37658,47401,22124,40863,8982,51252,20489,38983,34709,41532,48862,79410,23710,57531,131000,JNTUH
VMEG,VARDHAMAN COLLEGE OF ENGINEERING,SHAMSHABAD,RR,COED,PVT,1999,CIV,CIVIL ENGINEERING,16678,19216,68235,68235,33996,41752,73939,73939,37992,37992,52792,52792,55016,74045,28324,43510,125000,JNTUH
VMEG,VARDHAMAN COLLEGE OF ENGINEERING,SHAMSHABAD,RR,COED,PVT,1999,CSE,COMPUTER SCIENCE  AND  ENGINEERING,4547,5738,19801,23412,8211,10560,19766,19766,8395,9667,14153,19157,27830,31701,15378,19763,125000,JNTUH
VMEG,VARDHAMAN COLLEGE OF ENGINEERING,SHAMSHABAD,RR,COED,PVT,1999,CSM,COMPUTER SCIENCE AND ENGINEERING (ARTIFICIAL INTELLIGENCE AND MACHINE LEARNING),4630,5990,18992,34201,8343,8617,4630,5990,8118,9957,11683,11683,48614,70288,20321,80850,125000,JNTUH
VMEG,VARDHAMAN COLLEGE OF ENGINEERING,SHAMSHABAD,RR,COED,PVT,1999,ECE,ELECTRONICS AND COMMUNICATION ENGINEERING,8996,8996,31635,46891,14337,15268,15641,81178,15622,16281,37549,46355,48289,49337,29862,50128,125000,JNTUH
VMEG,VARDHAMAN COLLEGE OF ENGINEERING,SHAMSHABAD,RR,COED,PVT,1999,EEE,ELECTRICAL AND ELECTRONICS ENGINEERING,11903,12063,39032,47032,28398,28398,11903,12063,19039,28183,37874,37874,54399,58442,30912,41647,125000,JNTUH
VMEG,VARDHAMAN COLLEGE OF ENGINEERING,SHAMSHABAD,RR,COED,PVT,1999,INF,INFORMATION TECHNOLOGY,7397,7553,28997,30813,12156,13884,78977,78977,13342,13941,23724,41433,52138,52138,31242,53778,125000,JNTUH
VMEG,VARDHAMAN COLLEGE OF ENGINEERING,SHAMSHABAD,RR,COED,PVT,1999,MEC,MECHANICAL ENGINEERING,19897,19897,78774,78774,43342,43342,19897,19897,40624,40624,51604,51604,56770,69226,31018,74611,125000,JNTUH
